local_dir_name,github_org,github_repo,clone_url
aws-samples_amazon-rds-db2-terraform,aws-samples,amazon-rds-db2-terraform,https://github.com/aws-samples/amazon-rds-db2-terraform.git
aws-samples_amazon-serverless-knowyourcustomer-data,aws-samples,amazon-serverless-knowyourcustomer-data,https://github.com/aws-samples/amazon-serverless-knowyourcustomer-data.git
aws-samples_apigateway-deployment-lifecycle-management-terraform,aws-samples,apigateway-deployment-lifecycle-management-terraform,https://github.com/aws-samples/apigateway-deployment-lifecycle-management-terraform.git
aws-samples_aws-codepipeline-terraform-cicd-samples,aws-samples,aws-codepipeline-terraform-cicd-samples,https://github.com/aws-samples/aws-codepipeline-terraform-cicd-samples.git
aws-samples_aws-control-tower-controls-terraform,aws-samples,aws-control-tower-controls-terraform,https://github.com/aws-samples/aws-control-tower-controls-terraform.git
aws-samples_aws-network-hub-for-terraform,aws-samples,aws-network-hub-for-terraform,https://github.com/aws-samples/aws-network-hub-for-terraform.git
aws-samples_aws-security-services-with-terraform,aws-samples,aws-security-services-with-terraform,https://github.com/aws-samples/aws-security-services-with-terraform.git
aws-samples_aws-tf-prowler-fargate,aws-samples,aws-tf-prowler-fargate,https://github.com/aws-samples/aws-tf-prowler-fargate.git
aws-samples_centralized-backup-with-aws-backup-and-terraform,aws-samples,centralized-backup-with-aws-backup-and-terraform,https://github.com/aws-samples/centralized-backup-with-aws-backup-and-terraform.git
aws-samples_docker-ecr-actions-workflow,aws-samples,docker-ecr-actions-workflow,https://github.com/aws-samples/docker-ecr-actions-workflow.git
aws-samples_manage-terraform-statefiles-in-aws-pipeline,aws-samples,manage-terraform-statefiles-in-aws-pipeline,https://github.com/aws-samples/manage-terraform-statefiles-in-aws-pipeline.git
aws-samples_sample-aws-backup-lag-vaults-with-terraform,aws-samples,sample-aws-backup-lag-vaults-with-terraform,https://github.com/aws-samples/sample-aws-backup-lag-vaults-with-terraform.git
aws-samples_sample-aws-security-hub-cspm-control-tower,aws-samples,sample-aws-security-hub-cspm-control-tower,https://github.com/aws-samples/sample-aws-security-hub-cspm-control-tower.git
aws-samples_sample-cross-region-bedrock-private-endpoint,aws-samples,sample-cross-region-bedrock-private-endpoint,https://github.com/aws-samples/sample-cross-region-bedrock-private-endpoint.git
aws-samples_sample-ecs-adot-centralised-gateway,aws-samples,sample-ecs-adot-centralised-gateway,https://github.com/aws-samples/sample-ecs-adot-centralised-gateway.git
aws-samples_sample-iam-roles-innersource,aws-samples,sample-iam-roles-innersource,https://github.com/aws-samples/sample-iam-roles-innersource.git
aws-samples_sample-ssm-multi-user-session-manager-terraform,aws-samples,sample-ssm-multi-user-session-manager-terraform,https://github.com/aws-samples/sample-ssm-multi-user-session-manager-terraform.git
aws-samples_sample-terraform-aws-organizational-units,aws-samples,sample-terraform-aws-organizational-units,https://github.com/aws-samples/sample-terraform-aws-organizational-units.git
aws-samples_terraform-aws-codecommit-s3-backups,aws-samples,terraform-aws-codecommit-s3-backups,https://github.com/aws-samples/terraform-aws-codecommit-s3-backups.git
aws-samples_terraform-aws-identity-center,aws-samples,terraform-aws-identity-center,https://github.com/aws-samples/terraform-aws-identity-center.git
aws-samples_terraform-aws-identity-center-users-and-groups,aws-samples,terraform-aws-identity-center-users-and-groups,https://github.com/aws-samples/terraform-aws-identity-center-users-and-groups.git
aws-samples_terraform-aws-multi-account-pipeline,aws-samples,terraform-aws-multi-account-pipeline,https://github.com/aws-samples/terraform-aws-multi-account-pipeline.git
aws-samples_terraform-aws-organization-policies,aws-samples,terraform-aws-organization-policies,https://github.com/aws-samples/terraform-aws-organization-policies.git
aws-samples_terraform-aws-pipeline,aws-samples,terraform-aws-pipeline,https://github.com/aws-samples/terraform-aws-pipeline.git
aws-samples_terraform-ec2-image-builder-container-hardening-pipeline,aws-samples,terraform-ec2-image-builder-container-hardening-pipeline,https://github.com/aws-samples/terraform-ec2-image-builder-container-hardening-pipeline.git
