repository,jaccard_KICS_Trivy,jaccard_KICS_Checkov,jaccard_Trivy_Checkov,flagged_resources_union
aws-samples_amazon-rds-db2-terraform,0.05,0.05,1.0,20
aws-samples_amazon-serverless-knowyourcustomer-data,0.1786,0.2414,0.5455,30
aws-samples_apigateway-deployment-lifecycle-management-terraform,0.0,0.1667,0.0,6
aws-samples_aws-codepipeline-terraform-cicd-samples,0.0,0.0526,0.0,19
aws-samples_aws-control-tower-controls-terraform,0.0,0.0,,1
aws-samples_aws-network-hub-for-terraform,0.0,0.0,0.0,23
aws-samples_aws-security-services-with-terraform,0.1304,0.1405,0.6562,185
aws-samples_aws-tf-prowler-fargate,0.0,0.2727,0.0,12
aws-samples_centralized-backup-with-aws-backup-and-terraform,0.0,0.3846,0.0,14
aws-samples_docker-ecr-actions-workflow,0.0,0.0,0.0,7
aws-samples_manage-terraform-statefiles-in-aws-pipeline,0.2353,0.1176,0.3333,18
aws-samples_sample-aws-backup-lag-vaults-with-terraform,0.0,0.0,,3
aws-samples_sample-aws-security-hub-cspm-control-tower,0.0,0.0,,1
aws-samples_sample-cross-region-bedrock-private-endpoint,0.0,0.0635,0.0,64
aws-samples_sample-ecs-adot-centralised-gateway,0.0,0.0,0.1,14
aws-samples_sample-iam-roles-innersource,0.0,0.0,,2
aws-samples_sample-ssm-multi-user-session-manager-terraform,0.0625,0.0,0.0,16
aws-samples_sample-terraform-aws-organizational-units,0.0,0.0,0.0,4
aws-samples_terraform-aws-codecommit-s3-backups,0.0,0.0,0.4,15
aws-samples_terraform-aws-identity-center,0.0,0.0,0.0,4
aws-samples_terraform-aws-identity-center-users-and-groups,0.0,0.0,0.0,4
aws-samples_terraform-aws-multi-account-pipeline,0.0952,0.0769,0.3571,28
aws-samples_terraform-aws-organization-policies,0.0,0.0,0.0,4
aws-samples_terraform-aws-pipeline,0.1176,0.0833,0.2222,24
aws-samples_terraform-ec2-image-builder-container-hardening-pipeline,0.0238,0.0238,0.4286,44
